tconst	averageRating	numVotes
tt0120589	7.3	30
tt0265705	4.0	62
tt10014534	7.4	61
tt10028812	7.0	60
tt10035194	7.4	140
tt10045002	9.4	563
tt10047904	7.1	241
tt10054946	9.0	716
tt10064134	5.0	38
tt10071606	9.3	84
tt10083340	7.0	51306
tt10090058	6.5	243
tt10126368	6.2	117
tt10131024	6.0	7490
tt10141678	8.0	6
tt10148150	8.8	15
tt10160886	4.5	1322
tt10164206	5.7	91
tt10196368	7.9	90
tt10198564	8.3	66
tt10223460	6.1	27332
tt10231726	6.0	44
tt10233388	8.4	93
tt1023464	2.8	301
tt10234990	5.0	102
tt10241772	5.8	1665
tt10242388	5.6	8548
tt10250868	5.7	30
tt10254960	5.5	91
tt10270204	6.8	40
tt10270416	4.1	943
tt10283270	6.4	274
tt10288246	7.8	125
tt10290244	6.8	24
tt10293476	7.2	6
tt10295314	3.7	671
tt10298810	5.6	61045
tt10308878	3.3	869
tt10314040	4.1	341
tt10323676	5.8	16818
tt10332620	8.2	32
tt10340562	6.5	11821
tt10343028	6.8	196
tt10343124	3.5	103
tt10352594	4.7	23
tt10354106	5.5	160
tt10356564	4.3	274
tt10358566	7.4	8
tt10360808	6.4	105
tt10366168	7.1	569
tt10366418	8.6	13
tt10368758	7.6	86
tt10369638	8.2	7
tt10369964	4.4	108
tt10375094	7.9	2308
tt10375396	6.8	47
tt10393870	6.2	44305
tt10398318	4.7	943
tt10399608	6.6	187
tt10402396	6.4	30
tt10404910	6.2	8
tt10406466	6.7	40
tt10407144	8.2	18
tt10410506	6.3	119
tt10415020	4.1	32
tt10415494	8.4	1460
tt10418680	6.6	56
tt10426110	9.1	8
tt10430844	8.3	16
tt10445282	10.0	13
tt10466302	6.6	49
tt10474784	5.6	7
tt10483152	7.5	16
tt10489128	6.4	68
tt10503988	3.9	505
tt10509906	3.7	1416
tt10515720	5.4	47
tt10518732	5.1	102
tt10530838	6.1	563
tt10543530	6.6	81
tt10545696	5.8	667
tt10553086	8.8	65
tt10558652	5.5	6
tt10588504	7.6	25
tt10598156	4.3	11011
tt10608624	6.3	444
tt10631148	5.0	725
tt10639624	4.2	23
tt10646310	9.2	16
tt10648342	6.8	149160
tt10650376	5.8	84
tt10651084	7.1	11
tt10651304	8.1	13
tt10673868	6.4	96
tt10674504	6.7	10
tt10680838	5.4	394
tt10687220	1.5	890
tt10692578	6.7	20
tt10692870	6.4	10
tt10698680	8.4	115116
tt10699086	5.5	34895
tt10701788	2.9	330
tt10709484	6.9	7302
tt10723416	7.3	1566
tt10733228	6.1	42401
tt10737918	6.7	428
tt10740944	3.8	61
tt10779254	7.0	42
tt10789062	5.3	21
tt10789216	4.9	130
tt10793838	9.0	10
tt10806040	6.0	18270
tt10809742	4.0	909
tt10811166	8.3	552003
tt10816062	8.7	9
tt10839454	5.9	74
tt10865174	6.7	46
tt10869834	9.4	10
tt10880158	7.2	14
tt10887736	3.5	88
tt10892194	5.1	9
tt10904808	3.5	204
tt10916810	7.4	16
tt10919304	5.1	790
tt10920562	8.9	9
tt10931784	6.1	165
tt10935540	9.5	11
tt10935560	5.0	1431
tt10935956	8.1	1756
tt10940736	6.5	136
tt10945232	5.2	65
tt10949008	6.4	49
tt10949028	5.7	698
tt10949122	7.5	8
tt10953232	9.4	36
tt10954984	7.5	22503
tt10963954	6.5	12
tt10964096	5.1	75
tt10981012	6.9	2562
tt10984580	7.5	300
tt11004566	3.4	152
tt11005128	4.3	199
tt11010074	4.2	460
tt11010888	4.3	1248
tt11013610	6.3	1216
tt11018264	7.2	69
tt11023732	7.7	2614
tt11023754	7.6	78
tt11023832	3.8	13
tt11040762	4.8	1419
tt11052678	6.8	62
tt11100764	8.9	19
tt11102198	6.2	55
tt11110938	5.4	91
tt11112784	5.8	4739
tt11116642	5.8	463
tt11127404	6.6	1342
tt11131400	5.9	94
tt11136964	7.5	11
tt11138512	7.2	152500
tt11138912	9.0	3208
tt11143304	8.8	46
tt11143444	4.7	197
tt11166308	3.3	141
tt11166732	8.7	8
tt11167448	7.6	32
tt11167918	6.6	9
tt11170782	6.9	12
tt11177150	5.5	129
tt11178402	7.5	13
tt11182810	4.4	578
tt11203022	5.3	2123
tt11225626	6.7	340
tt11242162	7.0	5006
tt11244558	4.8	260
tt11245972	6.3	99026
tt11246284	3.9	189
tt11251638	7.8	10
tt11252248	6.5	25470
tt11255186	2.8	25
tt11265320	4.3	1107
tt11269026	5.8	2706
tt11273058	5.1	109
tt11278476	7.1	7603
tt11278608	4.7	195
tt11286210	5.0	4441
tt11291274	7.1	61438
tt11295246	7.3	1579
tt11301946	5.2	30797
tt11306518	6.9	1968
tt11306896	9.4	1046
tt11310608	6.6	670
tt11316996	9.2	18
tt11318302	7.6	1160
tt11318364	7.8	397
tt11341742	7.9	539
tt11347146	6.8	846
tt11348232	2.6	4546
tt11353050	3.4	164
tt11355334	5.7	143
tt11362842	8.8	83
tt11364112	3.9	526
tt11365186	6.6	6229
tt11367378	4.8	81
tt11375428	8.1	11182
tt11375842	7.9	22
tt11379620	6.5	72
tt11379628	8.0	5
tt11379988	7.6	7712
tt11385554	6.1	11
tt11388504	7.3	93
tt11396226	8.0	3180
tt11398152	8.8	21
tt11398276	7.7	18
tt11398388	6.5	51
tt11409736	7.0	33
tt11409820	5.3	533
tt11423420	6.0	79
tt11423818	8.5	7126
tt11425254	6.9	76
tt11426572	6.1	299
tt11432992	4.1	79
tt11444768	7.2	18
tt11448138	6.7	229
tt11448830	7.2	49
tt11458170	6.9	8
tt11460816	6.6	56
tt11460992	7.1	23421
tt11464446	4.9	817
tt11465714	6.6	31
tt11466222	6.9	39832
tt11468230	5.1	157
tt11468232	7.7	12
tt11468258	7.0	3515
tt11478150	6.7	69
tt11497716	2.6	1262
tt11513696	7.0	68
tt11514780	4.7	18998
tt11525390	4.4	198
tt11534392	4.5	231
tt11534450	6.2	116
tt11534504	3.7	9
tt11535358	5.0	704
tt11535504	7.0	22
tt11537034	7.6	8
tt11540726	6.7	466
tt11541872	5.4	7670
tt11552344	5.0	698
tt11558628	5.0	314
tt11558688	4.6	1416
tt11563070	3.8	3935
tt11563926	7.9	44
tt11569768	9.2	18
tt11584270	9.2	16
tt11592014	6.1	965
tt11603828	8.2	1733
tt11603984	6.5	11
tt11609174	7.6	19
tt11611064	6.5	610
tt11613096	9.3	13
tt11615616	5.9	458
tt11623854	9.0	782
tt11626108	3.4	736
tt11633442	7.4	48
tt11639296	8.1	82
tt11639966	8.5	13
tt11646442	9.6	769
tt11648994	7.3	27
tt11651668	8.7	57
tt11651768	6.5	384
tt11667808	3.0	220
tt11669538	6.3	254
tt11671006	5.8	35948
tt11674948	4.5	327
tt11680472	9.2	1174
tt11684438	7.8	76
tt11687154	6.9	215
tt11694374	6.2	83
tt11698800	6.2	24
tt11702252	8.2	25
tt11703050	6.8	14132
tt11703710	7.5	15904
tt11724384	6.1	9
tt11730914	4.4	2351
tt11731024	8.5	1228
tt11738584	4.8	12
tt11742162	8.7	7
tt11749480	6.9	858
tt11753760	6.9	79
tt11755740	4.8	49200
tt11760866	4.8	14
tt11761216	7.2	18
tt11764342	6.7	9
tt11791964	8.4	1586
tt11799764	8.1	45
tt11803064	3.7	342
tt11806132	5.0	26
tt11807698	7.6	43
tt11818818	6.1	143
tt11826240	6.1	923
tt11827628	5.6	13780
tt11829710	7.2	12
tt11833692	3.1	259
tt11834966	4.4	50
tt11841496	8.2	19
tt11845074	8.4	20
tt11847972	6.4	395
tt11851548	6.2	385
tt11851698	8.3	10
tt11853944	4.8	123
tt11854326	6.4	54
tt11857966	3.6	9
tt11866324	6.5	857
tt11866940	8.2	1211
tt11873440	3.1	25849
tt11879338	7.4	11
tt11891698	6.2	99
tt11892056	5.6	9
tt11893274	7.4	10534
tt11897478	6.8	46
tt11898996	7.1	42
tt11915106	3.1	129
tt11916334	7.0	6
tt11917930	4.9	9
tt11919160	5.0	181
tt11921114	8.7	24
tt11924110	5.6	145
tt11924122	8.9	103
tt11929078	3.6	8
tt11930126	7.6	1213
tt11934038	4.8	6
tt11934846	7.1	17107
tt11939970	2.4	199
tt11940240	6.9	107
tt11946138	7.6	35
tt11947158	6.7	8043
tt11952606	6.1	30
tt11952776	7.7	52
tt11953194	6.0	3339
tt11959452	3.2	73
tt11960634	9.5	456
tt11963006	8.7	46
tt11968092	6.1	42
tt11976532	7.3	1299
tt11981274	3.1	1335
tt11992694	7.2	253
tt11995784	3.1	1174
tt11995882	6.3	174
tt12000428	5.3	47
tt12004038	6.3	11638
tt12010446	4.4	78
tt12015076	5.8	656
tt12015102	8.7	16112
tt12034384	3.2	108
tt12036922	5.0	71
tt12048234	6.6	1054
tt12048238	6.8	65
tt12054842	8.9	15
tt12060242	6.7	24
tt12062432	6.5	1022
tt12070418	7.8	13
tt12071756	6.7	6
tt12071786	8.5	569
tt12089564	4.9	308
tt12121582	6.5	288
tt12126628	7.3	420
tt12132832	5.6	602
tt12138298	4.5	114
tt12138574	7.1	810
tt12141112	6.7	25026
tt12144262	7.2	5
tt12146654	2.7	107
tt12146688	2.5	144
tt12147800	6.3	748
tt12156974	7.3	337
tt12176660	8.7	9
tt12186098	5.1	155
tt12194006	7.2	606
tt12215252	6.4	693
tt12215472	8.3	92
tt12216202	7.1	78
tt12252488	7.4	16
tt12253164	7.0	113
tt12256338	4.4	28
tt12262116	7.8	152
tt12262324	6.0	53
tt12264966	6.5	746
tt12267750	8.2	29
tt12275742	3.8	120
tt12280196	6.1	87
tt12283036	4.3	1054
tt12292206	4.7	3908
tt12292314	4.8	253
tt12298140	5.5	938
tt12311620	6.8	296
tt12338246	4.4	610
tt12344970	7.0	670
tt12358208	6.7	49
tt12359080	2.9	445
tt12373754	8.4	9
tt12384428	7.5	140
tt12386022	5.0	23
tt12390572	5.2	1810
tt12407132	8.0	25
tt12412888	6.5	54841
tt12415670	7.2	40
tt12416794	6.3	100
tt12418202	6.8	6
tt12422308	5.7	9256
tt12429066	6.2	39
tt12432558	6.2	27
tt12440964	3.1	319
tt12445782	4.0	46
tt12459328	6.0	19
tt12472554	7.6	14660
tt12473774	5.6	82
tt12476270	5.7	2321
tt12477480	7.6	2057
tt12479584	4.8	410
tt12482874	4.8	11
tt12484724	7.3	1800
tt12495406	9.3	16
tt12502288	6.2	251
tt12519030	6.3	5108
tt12530402	8.3	6
tt12532368	6.3	1375
tt12545566	5.3	1061
tt12550376	4.4	1873
tt12553778	7.8	43
tt12572084	4.8	803
tt12578564	7.3	2631
tt12579884	4.1	16
tt12580324	5.0	245
tt12580734	5.6	19
tt12585076	5.5	4706
tt12593682	7.5	4822
tt12595378	8.5	1101
tt12608168	8.8	13
tt12624588	6.1	60
tt12631654	6.9	1260
tt12631784	5.5	158
tt12638598	5.2	31
tt12655436	5.8	208
tt12663250	6.2	3211
tt12663772	6.6	404
tt12676006	5.5	4189
tt12684068	3.0	290
tt12689248	3.2	1012
tt12691830	7.3	173
tt12698684	5.4	40
tt12708382	4.9	547
tt12735282	4.0	1173
tt12744088	7.8	29
tt12747222	7.2	130
tt12749438	8.5	104
tt12752498	7.4	18
tt12754776	4.7	110
tt12762096	8.0	34
tt12762788	8.8	21
tt12764628	4.4	824
tt12769412	7.4	132
tt12773826	4.2	189
tt12774526	3.7	537
tt12777234	4.0	28
tt12783826	8.2	13
tt12788488	7.0	69
tt12790908	3.3	249
tt12794338	5.9	2035
tt12805704	4.5	542
tt12805870	8.5	35
tt12810902	3.1	132
tt12819094	6.2	121
tt12822708	8.1	261
tt12825466	7.7	21
tt12826598	7.8	10
tt12836378	7.9	11
tt12837582	4.2	68
tt12845544	6.5	55
tt12847680	5.5	319
tt12850216	8.0	20
tt12857724	4.2	8
tt12885338	8.4	359
tt12907932	2.5	194
tt12908508	8.4	1633
tt12909482	9.3	293
tt12915238	8.8	67
tt12915842	6.8	1253
tt12935690	5.7	41
tt12953548	6.4	1534
tt12953750	7.4	1086
tt12961740	7.0	20
tt12969084	4.3	201
tt12971802	7.8	2220
tt12973010	3.4	253
tt12973910	6.7	10
tt12979626	7.6	16
tt12985010	3.3	182
tt12985342	7.2	5
tt12988350	5.1	48
tt12992082	5.3	98
tt12992162	7.2	204
tt12996154	2.5	16872
tt12998016	4.2	338
tt13010364	7.5	11
tt13016428	6.1	63
tt13021136	9.0	14
tt13022984	8.7	8777
tt13026738	5.0	1302
tt13028258	7.7	21451
tt13034338	9.2	465
tt13039148	5.6	639
tt13051810	6.9	13
tt13056052	7.1	2339
tt13058146	6.3	90
tt13060184	3.6	408
tt13068648	8.2	10
tt13070038	4.2	157
tt13074728	8.9	16
tt13076182	3.1	65
tt13086492	6.7	97
tt13086670	6.9	78
tt13094586	4.1	359
tt13106182	5.3	31
tt13107800	6.8	299
tt13112698	4.1	213
tt13117446	4.4	2010
tt13130760	8.4	6153
tt13130926	8.9	17
tt13134894	5.3	39
tt13135756	3.1	44
tt13144110	6.6	191
tt13145534	6.7	850
tt13146230	5.7	13
tt13149036	5.5	163
tt13149356	6.0	11
tt13152186	4.0	217
tt13153470	6.3	47
tt13153494	8.2	11
tt13153678	9.5	89
tt13156334	2.1	197
tt13156466	3.4	200
tt13157970	3.5	1898
tt13159840	4.4	7
tt13161934	8.9	16
tt13167612	6.4	74
tt13173736	4.0	310
tt13197812	8.5	720
tt13206784	7.1	457
tt13210188	6.3	655
tt13212246	3.3	17
tt13224254	9.1	148
tt13224490	7.5	74
tt13229946	5.7	454
tt13235822	4.6	5100
tt13241608	10.0	9
tt13242318	8.4	12
tt13245502	7.2	2419
tt13249596	5.9	7545
tt13259610	5.8	52
tt13260630	7.3	69
tt13261944	4.9	150
tt13262202	6.8	26
tt13263282	5.1	84
tt13265204	8.0	404
tt13269868	6.5	46
tt13270424	6.7	1987
tt13275560	7.6	38
tt13276352	5.7	6314
tt13276440	7.6	43
tt13298522	5.5	10
tt13299052	5.4	3489
tt13302660	4.5	534
tt13304556	7.5	126
tt13308110	5.7	374
tt13308316	6.4	229
tt13312144	7.3	10
tt13316790	6.1	1172
tt13317320	6.5	672
tt13320622	6.1	86401
tt13322796	4.8	5
tt13328800	7.3	467
tt13330168	6.5	69
tt13332268	7.1	375
tt13334870	6.6	2162
tt13342558	2.8	155
tt13345930	8.2	13
tt13347018	2.2	126
tt13349280	5.9	704
tt13349678	5.4	12
tt13349892	7.4	39
tt13350066	6.2	347
tt13350858	4.3	390
tt13352968	7.2	10303
tt13353370	7.9	1334
tt13356020	7.8	13
tt13356758	6.0	41
tt13357236	6.1	129
tt13358054	5.8	332
tt13360908	6.2	6
tt13361814	5.5	91
tt13362890	4.1	818
tt13364468	6.2	10607
tt13368192	5.8	18
tt13371942	6.5	148
tt13374994	6.9	7
tt13378056	4.3	176
tt13387818	6.8	13
tt13391708	6.7	70
tt13391710	8.3	10191
tt13393058	5.4	252
tt13393128	7.0	63
tt13394304	5.0	242
tt13399946	7.0	856
tt13403046	6.7	45539
tt13404734	7.4	108
tt13404996	8.2	5
tt13406136	5.5	9475
tt13408950	4.9	40
tt13409590	8.0	21
tt13431950	7.6	14
tt13434562	6.3	9
tt13434790	6.7	33
tt13434866	4.5	865
tt13436216	7.0	13
tt13439744	5.8	4277
tt13446128	7.5	54
tt13449566	9.4	72
tt13449624	7.0	33914
tt13453138	6.8	58
tt13456316	7.6	112
tt13456318	5.6	17794
tt13458764	7.4	71
tt13459376	6.7	674
tt13460190	6.2	720
tt13466166	7.6	3039
tt13468976	5.3	9237
tt13470278	7.1	1282
tt13471738	7.1	337
tt13475220	8.3	9
tt13479592	5.3	1050
tt13479740	6.8	6
tt13479822	3.2	1068
tt13482828	6.9	97
tt13483866	7.3	72
tt13487922	2.8	897
tt13496136	6.9	8
tt13498862	8.1	10
tt13515090	6.0	132
tt13515538	2.8	60
tt13516976	4.5	32
tt13518808	6.1	16
tt13528560	9.6	24
tt13528564	7.8	4755
tt13528840	8.3	16
tt13531468	7.4	877
tt13534808	7.1	5759
tt13535230	4.2	73
tt13535920	6.8	458
tt13540260	5.0	72
tt13540374	5.3	7
tt13540506	6.8	13
tt13543898	9.6	12
tt13545712	6.6	56
tt13550170	4.9	118
tt13556836	6.9	9
tt13557082	8.6	1795
tt13557828	6.7	226
tt13558022	7.3	58
tt13560048	6.1	63
tt13560574	6.6	56363
tt13563382	6.9	12
tt13567176	7.7	82
tt13578540	6.0	6
tt13580706	6.5	45
tt13582682	9.3	525
tt13582950	7.3	7
tt13586584	6.2	9
tt13588604	7.2	5
tt13588944	8.5	85
tt13593766	4.6	64
tt13599178	8.7	648
tt13603190	7.2	20
tt13610158	8.2	8
tt13610562	4.7	22650
tt13612932	5.3	35
tt13613128	2.6	306
tt13615030	5.4	36
tt13617378	6.1	106
tt13618714	6.1	76
tt13623916	7.4	1974
tt13626200	5.3	335
tt13629708	8.8	9
tt13634480	4.3	12954
tt13635908	7.6	1033
tt13639204	6.2	272
tt13640946	7.9	952
tt13642540	4.2	29
tt13645322	4.8	1699
tt13647256	4.8	119
tt13648270	6.0	1604
tt13648856	7.3	19
tt13649746	8.0	5
tt13650600	6.1	6368
tt13654122	6.8	324
tt13654146	6.9	619
tt13660266	8.5	39
tt13660916	6.5	94
tt13667044	5.7	51
tt13667522	7.2	6
tt13678280	6.0	6
tt13680520	3.8	1407
tt13684082	7.8	233
tt13698942	7.4	24
tt13702796	6.5	100
tt13715108	8.6	14
tt13721828	6.2	1622
tt13729978	7.1	110
tt13730062	8.2	5
tt13740078	6.6	225
tt13743198	7.3	7
tt13751370	8.9	78
tt13757762	6.6	8
tt13761148	6.9	923
tt13778976	6.2	24
tt13793230	7.0	5808
tt13797216	3.7	1704
tt13800572	6.9	15
tt13803064	6.5	24
tt13814180	5.2	45
tt13815702	4.6	127
tt13817770	6.5	394
tt13822738	5.7	6119
tt13825336	6.3	3395
tt13831544	4.0	679
tt13831584	8.1	20
tt13834986	8.6	46
tt13835524	7.1	124
tt13841850	6.1	24281
tt13845652	7.8	397
tt13845660	7.8	285
tt13846402	7.1	418
tt13848274	4.7	9
tt13863702	8.6	5
tt13872244	4.8	613
tt13872380	6.0	29
tt13873302	6.5	20802
tt13873674	7.6	10
tt13884444	8.1	28
tt13887082	6.5	43
tt13891468	8.6	11
tt13892842	6.0	198
tt13893190	3.5	1748
tt13895146	7.1	14
tt13899926	8.4	53
tt13913068	6.4	1271
tt13913326	8.0	937
tt13916124	8.0	71
tt13918550	4.3	1351
tt13919696	7.3	3996
tt13919802	7.1	20355
tt13919958	7.2	58
tt13923216	6.1	67
tt13924926	3.8	540
tt13927000	7.2	11
tt13937232	6.3	7
tt13938818	7.2	21
tt13942896	3.5	387
tt13946626	8.5	24
tt13946908	5.0	160
tt13957024	4.5	78
tt13960254	7.3	55
tt13961988	8.5	20
tt13967784	7.9	12
tt13968380	5.5	50
tt13968794	5.7	326
tt13973198	7.3	61
tt13973362	3.3	112
tt13977864	7.6	6
tt13978306	4.1	11823
tt13978628	5.3	299
tt13978658	7.0	4303
tt13985310	6.7	6
tt13986278	8.7	20
tt13989030	5.2	8912
tt13989278	5.4	53
tt13990248	8.8	190
tt13991504	5.3	60
tt13992922	9.1	49
tt13998770	8.5	13
tt14002046	7.7	11046
tt14013304	6.5	87
tt14014068	5.5	2230
tt14015296	9.6	23
tt14016830	8.6	389
tt14024906	5.9	13
tt14029064	7.3	21
tt14031314	6.0	230
tt14032150	6.9	27
tt14033476	6.0	18
tt14034614	6.8	314
tt14036602	5.7	398
tt14039086	5.2	511
tt14039346	5.1	272
tt14039616	5.6	656
tt14042066	4.9	88
tt14043966	5.8	4668
tt14045766	6.2	350
tt14056670	7.8	735
tt14060094	4.7	13998
tt14060232	5.1	3802
tt14060532	4.7	62
tt14064072	6.1	272
tt14064326	7.6	5
tt14069192	6.0	98
tt14070824	7.9	14
tt14072910	3.3	222
tt14073780	5.6	108
tt14083308	2.3	259
tt14083716	5.9	9
tt14090476	9.2	2146
tt14096132	3.4	89
tt14097180	9.3	27
tt14100830	3.6	202
tt14103412	6.6	9
tt14104600	7.1	80
tt14107554	7.3	21526
tt14109994	5.7	858
tt14112080	4.4	464
tt14113574	7.0	26
tt14114802	7.1	29124
tt14115150	5.4	94
tt14118046	5.5	715
tt14125262	3.4	103
tt14128670	6.3	27935
tt14131240	6.8	26
tt14134154	4.2	128
tt14134730	5.2	144
tt14134762	5.2	78
tt14135822	9.3	27
tt14137346	8.5	269
tt14137710	8.1	73
tt14144834	6.9	33
tt14145004	7.8	11
tt14145426	7.0	8398
tt14146670	9.4	11
tt14153420	5.3	163
tt14153448	7.2	24
tt14157332	4.5	38
tt14158346	3.8	309
tt14158554	4.4	6393
tt14162418	8.4	31
tt14164148	7.8	7
tt14168394	3.8	1474
tt14169296	4.8	19
tt14174168	3.7	1696
tt14174940	4.5	20638
tt14181328	7.6	23
tt14186678	4.7	143
tt14186698	7.1	12
tt14195192	6.2	2472
tt14200420	4.8	107
tt14205026	7.0	53
tt14209560	6.4	8619
tt14209750	5.8	215
tt14210486	5.0	17
tt14210720	7.0	13
tt14210824	6.3	61
tt14210958	6.8	22
tt14212090	5.5	31
tt14213248	7.2	22
tt14215186	8.1	11
tt14227972	6.4	437
tt14228078	6.6	178
tt14230846	6.1	856
tt14242578	2.8	173
tt14242974	5.8	28
tt14245568	6.0	154
tt14247286	6.3	3151
tt14252948	8.2	7
tt14253846	6.9	1543
tt14257960	5.0	67
tt14260142	3.2	85
tt14263098	4.5	372
tt14263856	3.9	3177
tt14265504	8.4	31
tt14265768	6.5	54
tt14272430	7.8	13
tt14275050	6.0	38
tt14280366	6.1	180
tt14288636	5.3	40
tt14300504	6.0	30
tt14300518	7.8	543
tt14301252	5.3	1714
tt14305738	8.4	64
tt14317880	7.1	849
tt14321668	7.5	1339
tt14323080	4.5	24
tt14323902	6.5	22
tt14325118	8.9	1301
tt14326062	6.6	18
tt14326086	8.1	15
tt14336174	6.4	367
tt14341802	6.6	94
tt14342906	2.8	141
tt14349032	6.0	4301
tt14349100	7.1	103
tt14349120	6.1	103
tt14357492	6.3	24
tt14361892	8.0	34
tt14364238	7.9	17
tt14369276	6.4	3256
tt14369286	4.8	797
tt14369296	4.8	1471
tt14371244	6.0	76
tt14375488	4.4	70
tt14376344	7.4	12145
tt14389674	3.0	13
tt14389844	4.7	149
tt14390092	6.2	105
tt14390548	8.0	9
tt14394620	4.7	308
tt14396096	5.5	162
tt14397058	8.5	24
tt14404596	5.7	2477
tt14404954	6.0	71
tt14406438	8.3	7
tt14412366	3.5	3785
tt14412446	6.1	1332
tt14431498	7.3	8
tt14432822	4.9	25
tt14433712	5.0	443
tt14435560	5.4	27
tt14439776	8.8	7
tt14439896	6.4	10923
tt14441788	6.2	98
tt14454100	5.2	10
tt14461690	4.4	2812
tt14463484	5.4	9295
tt14465170	5.8	10
tt14465894	5.8	4243
tt14468904	3.8	201
tt14469194	5.3	195
tt14469318	8.9	13
tt14469460	5.4	26
tt14471774	5.4	19
tt14479746	6.0	4886
tt14486678	5.2	3814
tt14488200	6.4	33
tt14488434	5.1	102
tt14488772	7.4	2352
tt14490594	5.2	44
tt14495388	6.1	593
tt14502344	2.9	238
tt14506528	6.1	5565
tt14509614	5.6	234
tt14523164	6.2	9
tt14533820	3.2	289
tt14534796	6.2	30
tt14540324	8.0	7
tt14540892	6.7	1734
tt14542254	6.3	58
tt14544678	6.5	38
tt14549420	8.2	25
tt14549466	5.9	15892
tt14550172	4.5	15
tt14550642	5.2	4642
tt14552832	9.7	61
tt14555908	5.3	186
tt14556112	6.2	114
tt14556190	3.1	94
tt14557188	7.3	38
tt14557302	6.6	118
tt14566964	8.9	8
tt14569490	4.1	431
tt14573918	5.9	64
tt14577022	8.5	132
tt14577304	2.9	555
tt14581084	6.7	65
tt14584284	4.9	180
tt14590650	4.7	92
tt14590886	6.4	32
tt14591028	5.4	172
tt14591594	4.8	576
tt14592064	6.0	17938
tt14592998	5.6	363
tt14596320	6.1	55
tt14597532	9.8	7
tt14597862	6.0	24
tt14598638	5.6	602
tt14598840	6.0	218
tt14598876	6.7	21
tt14604744	7.7	65
tt14614892	7.0	1156
tt14617536	8.5	14
tt14617606	6.9	59
tt14619154	6.9	30
tt14620048	6.8	28
tt14622542	4.1	139
tt14622802	5.6	263
tt14628220	8.9	15
tt14631142	9.0	36
tt14637756	6.8	2075
tt14637796	8.2	66
tt14638844	8.0	14
tt14639702	4.6	175
tt14641542	7.0	139
tt1464335	6.4	155861
tt14644048	5.7	13
tt14657380	6.3	255
tt14657412	9.4	5
tt14661252	4.5	503
tt14662556	9.8	5
tt14668044	7.1	8
tt14668358	2.1	156
tt14670172	7.0	5
tt14670276	7.5	1050
tt14673378	6.4	30
tt14678156	7.6	54
tt14679114	6.5	57
tt14683284	7.1	78
tt14686544	4.4	3387
tt14690596	7.6	24
tt14690746	9.0	980
tt14694956	5.6	174
tt14696284	6.2	2478
tt14715444	4.2	103
tt14715848	8.4	1532
tt14716556	6.6	8
tt14718126	6.1	57
tt14719838	7.8	2031
tt14722516	6.3	20
tt14725622	6.8	22
tt14726510	4.6	199
tt14728278	8.7	643
tt14749018	5.8	52
tt14755038	7.7	441
tt14766048	3.0	160
tt14766444	4.7	134
tt14766636	6.1	80
tt14766956	6.5	1780
tt14767926	7.5	21
tt14771622	5.0	135
tt14774434	6.9	927
tt14780124	4.1	28
tt14781302	9.4	100
tt14783042	6.9	49
tt14783562	6.0	25
tt14787874	8.8	1121
tt14793714	5.9	23
tt14799960	4.0	204
tt14802816	9.4	37
tt14803002	3.0	7
tt14803898	8.2	14
tt14806338	5.3	299
tt14806926	8.1	34
tt14807346	4.5	27
tt14809462	6.2	73
tt14813966	5.6	3719
tt14814040	6.0	4948
tt14817272	5.6	22950
tt14823642	6.9	25
tt14832552	7.2	5
tt14834556	6.3	18
tt14838060	6.3	17
tt14845950	2.8	82
tt14847302	6.0	16
tt14849038	3.7	888
tt14850514	4.6	71
tt14854294	8.4	47
tt14856628	5.3	124
tt14859416	7.7	94
tt14859592	6.0	42
tt14860210	5.1	32
tt14866710	4.8	1679
tt14867294	6.5	28
tt14867318	4.7	497
tt14869850	8.4	23
tt14870640	3.9	675
tt14870944	7.4	9
tt14871354	6.4	5
tt14875116	7.1	5894
tt14878070	7.1	47
tt14878082	5.4	7
tt14883904	3.4	332
tt14883936	7.2	24
tt14888106	7.0	183
tt14888342	7.7	90
tt14891922	6.6	137
tt14895716	6.7	147
tt14898794	5.6	2749
tt14903018	6.6	119
tt14912006	2.6	383
tt14915532	9.4	18
tt14915600	8.7	34
tt14915904	3.0	32
tt14921402	4.6	145
tt14921570	7.0	59
tt14922432	7.8	18
tt14923008	5.0	2936
tt14926354	6.6	10
tt14926864	3.7	238
tt14927880	7.3	66
tt14929400	6.1	28
tt14934060	3.7	469
tt14935038	4.9	156
tt14935966	6.8	124
tt14939308	4.4	126
tt14942362	6.9	162
tt14947744	6.8	15
tt14949656	5.7	9
tt14960570	5.3	265
tt14960854	5.9	27
tt14960976	5.7	137
tt14962428	5.4	56
tt14967752	7.5	13
tt14975646	6.9	7
tt14976386	6.8	113
tt14981626	6.4	25
tt14981646	7.9	70
tt14986012	7.0	3372
tt14986224	8.1	2723
tt14986920	5.2	42
tt14990030	3.6	141
tt14991492	6.8	47
tt14992922	7.1	62317
tt14996298	9.0	2085
tt14998318	5.6	19
tt14999738	6.7	733
tt15000578	6.6	270
tt15005796	4.9	61
tt15006566	7.5	420
tt15006754	6.9	15
tt15007046	4.5	1089
tt1500916	10.0	11
tt15010292	5.7	802
tt15017554	4.8	410
tt15018474	7.8	97
tt15022446	7.2	16
tt15028676	6.3	112
tt15028848	5.5	445
tt15033192	5.7	21699
tt15035246	5.9	114
tt15035902	3.6	115
tt15036176	8.2	35
tt15037396	7.2	68
tt15039894	5.4	29
tt15040492	8.2	5
tt15045578	5.3	66
tt15047780	8.1	51
tt15049180	6.5	232
tt15053518	5.1	560
tt15074328	6.9	20
tt15076642	7.3	10
tt15078854	5.7	1851
tt15079778	5.7	175
tt15085570	6.2	25
tt15085868	3.8	23
tt15086352	10.0	20
tt15087414	4.7	49
tt15092772	6.0	37
tt15094446	6.1	14
tt15094568	4.2	83
tt15095920	8.4	15
tt15096128	6.2	5516
tt15097330	7.8	177
tt15097344	6.2	537
tt15100080	4.3	32
tt15100100	9.0	518
tt15102828	6.0	35
tt15106860	2.7	817
tt15109082	8.3	526
tt15112126	8.3	67
tt15112308	8.7	7
tt15114166	8.8	239
tt15115714	7.2	635
tt15115804	6.2	2080
tt15119794	5.5	43
tt15120042	6.6	8
tt15120486	4.9	199
tt15121860	6.3	2028
tt15122134	6.5	21
tt15132694	6.5	37
tt15137200	4.3	182
tt15137580	9.0	1446
tt15141144	4.9	144
tt15143222	4.9	1533
tt15145268	6.8	28
tt15145970	7.7	10
tt15148194	7.8	5
tt15150608	7.0	68
tt15151020	8.5	1057
tt15156954	7.8	13
tt15159796	6.7	20
tt15162002	7.5	6
tt15163838	6.4	221
tt15163876	5.3	112
tt15164232	9.5	7
tt15166394	8.4	1816
tt15166396	7.8	7
tt15167994	4.0	577
tt15170164	6.7	10
tt15173232	6.8	305
tt15174924	9.7	11
tt15176520	8.7	45
tt15188730	7.2	18
tt15189534	5.7	2941
tt15193162	8.7	4128
tt15196410	8.4	37
tt15204096	7.5	17
tt15208276	5.4	65
tt15211828	6.4	126
tt15213704	6.4	247
tt15215468	5.8	48
tt15215512	6.1	10147
tt15215760	7.1	63
tt15215918	6.9	106
tt15218000	6.7	7983
tt15220294	7.8	12
tt15223818	5.7	8
tt15227100	7.0	56
tt15239466	7.2	61
tt15240158	6.8	34
tt15242712	8.4	2143
tt15244854	9.3	44
tt15245624	6.0	227
tt15248456	5.8	186
tt15248702	5.5	2164
tt15250090	8.0	17
tt15252480	7.0	21
tt15255876	7.0	305
tt15255958	7.5	86
tt15256288	8.7	24
tt15257116	7.1	99
tt15257980	9.2	7
tt15258032	7.2	40
tt15261252	6.6	95
tt15261550	7.2	15
tt15275946	8.5	18
tt15281288	6.7	103
tt15284906	7.3	43
tt15289342	5.1	714
tt15289646	7.2	549
tt15290024	8.6	104
tt15295190	3.4	108
tt15295828	6.4	103
tt15300538	7.7	269
tt15301994	10.0	140
tt15302546	9.0	463
tt15302594	6.6	325
tt15303254	5.9	9
tt15304756	7.4	39
tt15306876	9.2	12
tt15310458	6.7	18
tt15310668	8.3	19
tt15311262	5.3	649
tt15313532	9.4	59
tt15314640	6.5	1626
tt15320306	8.9	52
tt15322416	8.5	84
tt15327014	9.2	11
tt15327522	6.2	11
tt15327548	8.8	13
tt15329224	6.1	35
tt15331186	3.2	1363
tt15332892	5.6	80
tt15333126	8.8	11
tt15333582	8.5	15
tt15337340	6.7	37
tt15339966	6.3	12
tt15340798	8.1	117
tt15341118	7.2	595
tt15341150	9.6	992
tt15341168	6.8	66
tt15341206	5.0	121
tt15347500	7.5	975
tt15353864	6.9	295
tt15358498	8.6	16
tt15358794	6.7	21
tt15361028	6.6	5842
tt15364990	6.9	64
tt15371794	7.3	8
tt15373558	5.8	748
tt15373594	7.3	1378
tt15373762	8.4	1143
tt15386518	5.0	33
tt15386856	4.4	175
tt15387742	7.5	32
tt15389376	6.8	21
tt15391262	8.3	58
tt15391274	7.5	29
tt15391770	4.2	916
tt15393574	7.4	138
tt15395702	8.0	3226
tt15399286	7.2	33
tt15400628	6.7	23
tt15403362	6.9	75
tt15415872	6.4	387
tt15416070	7.0	74
tt15416230	4.1	37
tt15417010	5.8	157
tt15422240	4.5	988
tt15422276	5.9	341
tt15426294	5.1	680
tt15427078	5.4	12
tt15427340	8.1	26
tt15428330	6.7	92
tt15429106	6.5	69
tt15432804	3.8	1070
tt15433754	7.7	1376
tt15434016	7.7	45
tt15434142	6.5	22
tt15438542	3.4	958
tt15439190	3.3	163
tt15440268	5.9	16
tt15440992	8.3	127
tt15443254	1.0	389
tt15444506	5.0	221
tt15445948	8.0	19
tt15450976	5.7	101
tt15452062	6.9	145
tt15457696	9.0	904
tt15457774	7.6	77
tt15458502	8.9	37
tt15458866	4.7	114
tt15459190	9.1	41
tt15461262	6.1	9
tt15462640	7.0	618
tt15463690	3.1	10
tt15464452	8.5	552
tt15466426	7.3	301
tt15471560	6.5	63
tt15477096	6.7	1639
tt15479902	6.3	4581
tt15482724	9.0	14
tt15483404	5.9	121
tt15483596	7.1	1474
tt15483616	8.4	101
tt15483714	7.4	9
tt15484476	6.3	108
tt15484716	6.7	84
tt15496702	6.9	35
tt15502356	6.9	48
tt15502648	6.9	13
tt15503562	8.3	6
tt15509020	6.2	11
tt15509050	3.7	299
tt15509164	5.7	680
tt15509662	8.3	1476
tt15514540	6.5	14
tt15516018	9.8	1488
tt1551614	4.2	282
tt15516546	8.2	402
tt15518656	8.2	20
tt15520090	4.6	513
tt15521050	5.1	4229
tt15523972	6.9	23
tt15528436	7.5	42
tt15528494	6.9	28
tt15529534	4.5	184
tt15545368	9.7	13
tt15547676	6.7	6
tt15547806	6.1	97
tt15547896	8.6	8
tt15548032	3.9	1190
tt15548074	5.5	927
tt15548690	8.0	5
tt15553956	6.3	4327
tt15554158	6.9	11
tt15554410	6.7	631
tt15554526	7.9	624
tt15554616	6.4	210
tt15559316	5.5	187
tt15560626	7.6	3077
tt15561224	8.0	730
tt15566896	8.4	44
tt15574182	7.9	20
tt15574500	8.7	26
tt15575356	6.1	716
tt1560780	5.3	52
tt15613514	6.0	602
tt15613538	6.4	1136
tt15637862	5.4	173
tt15654292	5.9	155
tt15654318	3.5	68
tt15654874	7.5	111
tt15655826	8.0	7
tt15655974	5.2	71
tt15660058	5.8	80
tt15669564	8.2	68
tt15670322	8.6	15
tt15681038	6.9	8
tt15681172	3.5	52
tt15684550	4.7	214
tt15684938	7.3	8
tt15690300	4.5	1603
tt15692408	7.9	248
tt15699148	9.0	190
tt15710228	5.9	470
tt15710474	7.5	37
tt15711350	4.8	1292
tt15712278	7.2	111
tt15714516	7.3	7
tt15716968	8.8	21
tt15717116	7.1	328
tt15719162	8.1	134
tt15721650	7.8	230
tt15721828	7.8	808
tt15723074	8.1	10
tt15725474	7.2	40
tt15726046	5.5	236
tt15727294	8.5	13
tt15731270	8.8	25
tt15732372	5.1	17
tt15738508	8.1	13
tt15739130	6.3	57
tt15740736	6.5	144
tt15740768	6.3	41
tt15745084	3.6	145
tt15760296	7.8	1628
tt15762830	7.5	745
tt15763878	7.1	27
tt15766352	8.2	37
tt15768408	8.1	92
tt15778980	8.7	8
tt15782570	7.5	275
tt15783034	8.0	5
tt15783462	6.7	566
tt15799550	7.5	289
tt15799842	7.8	14
tt15801594	7.1	149
tt15809718	8.9	1025
tt15825238	6.7	111
tt15830650	9.0	8
tt15831226	5.1	438
tt15832390	7.6	9
tt15834708	7.0	7
tt15836488	8.8	5
tt15837458	3.3	330
tt15837464	5.0	248
tt15838850	7.2	1973
tt15839646	6.9	995
tt15840196	4.6	118
tt15840296	8.4	27
tt15840614	8.0	1923
tt15848010	5.4	122
tt15850384	7.0	43
tt15850452	6.5	42
tt15874766	6.8	32
tt15891956	7.2	206
tt15939446	3.2	201
tt15939910	7.7	17
tt15943258	4.2	796
tt15943910	6.3	301
tt15954686	5.6	53
tt15964308	8.5	260
tt15964372	9.3	2722
tt1596557	4.6	564
tt16020820	5.2	23
tt16023832	5.8	69
tt16026664	6.8	388
tt16027110	5.8	76
tt16027608	4.4	159
tt16077426	6.9	52
tt16078152	8.2	2100
tt1608237	5.6	20
tt16085592	4.7	4424
tt16088368	5.6	344
tt16112972	9.2	13
tt16118488	6.8	319
tt16118660	5.0	207
tt16118714	8.2	16
tt16118722	8.0	3177
tt16124618	7.5	6
tt16148568	4.9	15
tt16152556	9.1	52
tt16154794	5.5	81
tt16159670	2.8	17
tt16161492	5.6	127
tt16161526	2.1	42
tt16161734	4.2	23
tt16162032	4.1	48
tt16162072	5.4	125
tt16176568	9.3	28
tt16194408	5.4	593
tt16212178	6.7	279
tt16220010	9.7	6
tt16225236	9.2	14
tt16226960	9.8	169
tt16227002	7.8	68
tt16227006	7.5	57
tt16227014	7.8	1013
tt16240286	5.1	64
tt16245968	4.7	84
tt16246218	7.6	2520
tt16250658	6.6	132
tt16250888	5.0	33
tt16252478	8.5	7
tt16254308	6.1	460
tt16255832	7.2	6
tt16266336	8.5	700
tt16277492	7.4	9
tt16278206	6.5	22
tt16279390	6.7	47
tt16282914	7.5	68
tt16288898	9.2	7
tt16294598	3.6	128
tt16294920	8.2	24
tt16296920	6.0	15
tt16297894	5.1	11
tt16303194	6.7	33
tt16306374	5.3	26
tt16306510	6.4	39
tt16310876	6.0	6
tt16310962	6.9	52
tt16311384	6.6	121
tt16315948	7.4	279
tt16317380	7.7	31
tt16345790	4.5	222
tt16356522	5.3	22
tt16358560	7.2	40
tt16359262	4.2	8
tt16360006	6.3	4749
tt16374130	5.6	155
tt16375030	4.6	43
tt16375578	6.8	31
tt16375964	7.2	53
tt16376478	5.8	160
tt16376494	7.1	33
tt16376512	7.5	36
tt16377356	7.2	757
tt16377380	5.4	71
tt16377430	9.2	62
tt16377496	6.1	57
tt16377714	6.5	131
tt16377722	8.0	26
tt16377802	5.9	36
tt16377816	7.2	51
tt16377862	7.9	80
tt16377888	7.9	74
tt16377920	7.6	85
tt16377980	7.0	38
tt16378028	7.4	34
tt16378034	8.5	45
tt16378064	5.6	26
tt16378164	7.8	125
tt16378298	7.1	61
tt16378354	6.6	43
tt16378396	6.5	36
tt16378482	5.6	281
tt16381144	6.6	22
tt16382398	4.6	9
tt16384960	2.2	64
tt16390870	7.6	30
tt16391564	7.8	16
tt16393520	6.1	241
tt16400820	9.6	6
tt16404438	4.1	125
tt16407022	3.9	51
tt16410438	8.7	31
tt16410620	7.3	35
tt16410938	6.3	11
tt16410984	6.6	51
tt16412060	6.6	15
tt16412396	4.5	20
tt16418578	4.5	48
tt16418768	5.7	21
tt16418964	7.3	78
tt16426096	7.4	40
tt16427718	5.6	3191
tt16428836	7.0	30
tt16430374	7.1	35
tt16436064	6.7	52
tt16436694	3.7	92
tt16436894	6.2	12
tt16437248	7.7	6
tt16437470	4.5	6
tt16438032	2.2	28
tt16444750	6.9	265
tt16445248	8.0	91
tt16445764	7.1	29
tt16452528	5.0	52
tt16452546	8.5	8
tt16452664	5.7	143
tt16453244	6.0	2275
tt16463932	4.2	212
tt16464084	6.9	16
tt16477412	7.3	7
tt16491324	6.5	1975
tt16491386	5.7	168
tt1649418	6.5	104902
tt16513514	3.8	182
tt16529002	8.4	394
tt16529222	6.3	1131
tt16529274	5.6	19
tt16532174	5.6	202
tt16538660	8.1	68
tt16539516	7.8	35
tt16539566	9.3	6
tt16540514	4.8	175
tt16549866	9.9	41
tt16550638	3.8	411
tt1655444	4.7	526
tt16578828	5.6	22
tt16589340	8.6	135
tt16606580	8.7	2035
tt16607018	5.7	9
tt16607614	4.0	211
tt16609250	7.0	25
tt16635942	3.5	18
tt16636010	7.1	15
tt16638662	4.9	94
tt16646740	5.4	69
tt16673330	7.1	7
tt16676718	6.0	513
tt16676936	6.2	6
tt16679082	7.1	10
tt16697972	8.3	19
tt16720892	5.8	30
tt16732214	5.4	9
tt16734276	6.5	81
tt16751496	9.3	8
tt16751976	4.7	371
tt16756254	3.8	35
tt16756942	4.4	65
tt16757706	4.4	63
tt16760592	3.1	144
tt16760880	7.5	10
tt16761722	5.1	40
tt16763048	9.4	15
tt16769394	4.5	162
tt16790672	8.5	7
tt16793892	5.8	25
tt16794270	6.2	70
tt16806798	6.7	15
tt16806924	6.7	92
tt16806990	7.0	70
tt16825828	8.0	1154
tt16842060	8.1	89
tt16868068	7.0	7
tt16868298	7.6	25
tt16891066	8.1	7
tt16892654	5.8	18
tt16899302	3.5	43
tt16899584	9.0	966
tt16899852	6.9	112
tt16900304	4.9	27
tt16901072	8.1	1984
tt16909478	6.4	9
tt16913072	2.1	210
tt16914952	7.7	2075
tt16915972	7.8	130
tt16944826	7.4	150
tt16951384	7.2	5
tt16953276	7.9	7
tt16953666	7.5	485
tt16954632	3.4	26
tt16959898	6.1	15
tt16964818	8.4	16
tt16965198	7.7	41
tt16968086	6.5	16
tt16969036	6.0	6
tt16969178	6.2	105
tt16969742	6.3	25
tt16969906	4.3	475
tt16970840	7.5	52
tt16970892	7.2	16
tt16970948	7.9	13
tt16970976	5.8	3446
tt16974912	8.6	968
tt16975682	8.5	575
tt16977490	7.7	7
tt16978650	6.2	12
tt16979418	6.4	10
tt16981600	8.3	34
tt16986526	5.8	5
tt16986722	7.6	10
tt16993866	8.1	73
tt16994958	8.3	12
tt16995280	6.3	7
tt16996832	7.8	6
tt16997558	6.2	54
tt17003764	8.7	11
tt17003896	6.8	43
tt17005404	5.0	100
tt17007298	5.6	83
tt17007480	9.6	27
tt17007700	9.6	24
tt17008712	6.6	34
tt17009236	4.7	7
tt17009282	7.8	6
tt17014214	6.3	47
tt17023234	4.9	422
tt17023920	5.7	38
tt17024164	6.3	453
tt17030826	7.6	33
tt17037910	8.0	36
tt17041964	7.4	13176
tt17042714	2.4	306
tt17043084	9.5	26
tt17043566	6.5	22
tt17043652	4.7	375
tt17044594	5.2	889
tt17044664	7.0	76
tt17048276	6.4	9
tt17048292	5.9	15
tt17048330	6.9	525
tt17048366	6.8	749
tt17049104	6.2	38
tt17049112	7.3	79
tt17050716	6.9	10
tt17055226	6.6	99
tt17055670	7.3	34
tt17055878	6.3	44
tt17057148	7.1	20
tt17058154	7.4	9
tt17058536	3.5	17
tt17058672	5.3	6
tt17060716	7.1	20
tt17063188	8.9	10
tt17063194	7.4	18
tt17067156	6.4	205
tt17069250	8.7	24
tt17071350	4.8	26
tt17074348	6.7	22
tt17074508	7.7	54
tt17074540	6.7	51
tt17076682	6.4	41
tt17077058	6.2	163
tt17078340	8.3	7
tt17079276	8.0	15
tt17079294	6.3	24
tt17079296	6.8	13
tt17080096	7.0	16
tt17080124	7.2	13
tt17080140	5.4	14
tt17080412	4.4	212
tt17080442	8.1	9
tt17081112	6.8	69
tt17081130	7.0	53
tt17097088	7.7	212
tt17121902	6.4	41
tt17134922	9.0	1029
tt17146978	6.8	344
tt17154094	5.7	129
tt17157266	7.4	52
tt17158438	9.1	32
tt17160594	8.7	9
tt17174750	6.1	35
tt17200376	5.8	315
tt17219636	4.9	73
tt17221000	7.2	6
tt17221298	4.2	888
tt17250160	9.0	1056
tt17274522	8.3	1793
tt17275932	4.6	13
tt17278028	6.2	6
tt17278510	5.1	493
tt17279488	6.5	38
tt17280362	5.2	73
tt17284564	7.6	24
tt17291716	4.9	302
tt17292614	6.0	89
tt17296772	5.5	50
tt17307420	5.6	36
tt17308130	6.9	153
tt17308496	6.8	11
tt17309428	4.8	5
tt17309916	6.6	25
tt17310382	4.6	24
tt17312226	5.0	23
tt17320300	6.1	80
tt17321026	4.4	308
tt17321168	5.8	5
tt17336922	4.8	17
tt17345772	3.7	15
tt17346476	7.5	20
tt17346682	8.4	14
tt17347244	6.6	40
tt17351966	7.0	15
tt17372462	4.1	352
tt17373462	7.8	8
tt17373978	6.1	19
tt17413020	9.0	6
tt17425022	2.4	310
tt17425056	8.6	2199
tt17449172	7.6	16
tt1745960	8.6	257599
tt17490116	7.2	111
tt17490924	6.2	109
tt17491040	6.0	3441
tt17491108	7.5	15
tt17491616	6.7	339
tt17492922	7.0	74
tt17493272	8.2	170
tt17493312	7.5	18
tt17494634	6.7	32
tt17494746	9.2	43
tt17495832	6.7	575
tt17495872	7.8	17
tt17497936	6.9	121
tt17498694	6.8	15
tt17499738	7.9	45
tt17500218	6.6	10
tt17501358	6.9	15
tt17501658	6.7	1124
tt17503560	7.5	14
tt17504906	5.2	315
tt17505176	7.8	24
tt17506728	5.4	19
tt17507486	1.8	22
tt17507906	7.9	41
tt17508126	8.4	73
tt17511190	7.8	159
tt17511490	8.1	9
tt17512706	7.3	6
tt17514050	7.1	14
tt17514144	8.4	1208
tt17517876	6.3	237
tt17518186	6.4	13
tt17518262	6.7	30
tt17519556	6.9	63
tt17520428	4.6	534
tt17520962	6.9	43
tt17522042	9.3	412
tt17523226	9.3	77
tt17526514	6.9	46
tt17526762	6.6	574
tt17526876	6.6	11
tt17538510	6.2	140
tt17542306	7.7	211
tt17542524	7.4	34
tt17542812	7.0	6
tt17543886	8.2	27
tt17544346	7.3	7
tt17544468	6.1	9
tt17545220	7.0	112
tt1754700	2.1	4001
tt17550726	5.4	8
tt17550784	5.6	11
tt17555566	6.9	18
tt17555654	6.3	18
tt17593934	8.6	25
tt17595262	6.9	74
tt17634196	7.9	83
tt17634306	7.2	71
tt17634818	6.0	146
tt17640534	7.7	16
tt17656570	7.0	9
tt17658964	8.2	5
tt17660502	8.9	11
tt17660740	8.1	53
tt17661960	3.7	15
tt17662096	8.1	355
tt17662108	5.5	57
tt17662532	8.7	15
tt17663126	7.8	9
tt17675266	8.1	24
tt17677112	8.0	16
tt17677686	5.1	9
tt17677734	9.5	18
tt17677892	5.6	104
tt17677996	9.1	56
tt17678010	6.8	277
tt17678542	7.8	9
tt17679584	7.3	44
tt17686944	5.6	1495
tt17713780	8.1	11
tt17719194	5.7	7
tt17720974	7.1	10
tt17737156	5.2	91
tt17785786	4.6	84
tt17799796	6.8	12
tt17886914	7.7	36
tt17887350	5.4	9
tt17887656	2.9	51
tt17909448	6.6	96
tt17939566	6.6	33
tt17971678	5.3	9
tt1798632	4.6	12632
tt17999542	7.6	12
tt18019258	3.9	211
tt18039418	7.0	12
tt18059108	7.5	622
tt18070200	7.3	7
tt18071828	4.9	160
tt18072078	6.6	7
tt18072376	7.0	554
tt18072432	6.4	5
tt18072646	8.7	17
tt18072780	5.6	5
tt18072950	9.3	2018
tt18073134	7.2	61
tt18075748	5.2	15
tt18075924	7.2	6
tt18079908	9.2	6
tt18080376	6.9	394
tt18080516	5.1	22
tt18080778	7.9	16
tt18080968	3.7	117
tt18083138	10.0	6
tt18096416	5.3	10
tt18114788	8.7	7
tt18115222	9.6	13
tt18115266	7.2	5
tt18161114	8.3	7
tt18161664	7.0	9
tt18163024	8.4	1977
tt18163404	9.4	22
tt18163648	5.6	5
tt18163686	4.1	15
tt18163750	7.1	7
tt18164002	7.1	117
tt18182234	8.4	7
tt18184012	7.7	2074
tt18184122	8.1	1209
tt18225290	7.1	53
tt18226080	9.0	11
tt18226208	6.7	203
tt18228744	7.6	12
tt18231922	8.4	1024
tt18232546	9.0	5
tt18235318	6.5	41
tt18235852	7.4	19
tt18238200	7.7	22
tt18244288	6.7	482
tt18246372	9.2	1182
tt18246876	9.0	1126
tt18247296	8.7	6
tt18247342	5.7	48
tt18247358	9.3	44
tt18250460	5.4	308
tt18250780	5.9	111
tt18259846	6.8	67
tt18260590	8.3	9
tt18263348	5.8	272
tt18264266	5.5	155
tt18265508	8.9	31
tt18269838	7.1	1129
tt18270328	6.6	33
tt18270360	6.0	42
tt18272676	9.5	75
tt18272852	7.1	67
tt18274178	6.2	392
tt18275788	7.3	11
tt18277260	4.9	17
tt18277526	6.8	10
tt18278322	5.8	140
tt18278484	6.1	70
tt18280316	9.0	6
tt18280338	8.4	1536
tt18281018	6.3	6
tt18282286	8.0	13
tt18282396	7.0	11
tt18282576	8.0	10
tt18283374	9.1	23
tt18283610	6.4	15
tt18284416	6.8	5
tt18285792	5.0	37
tt18286510	7.7	110
tt18286556	7.7	16
tt18286584	8.4	8
tt18289752	6.1	86
tt18290350	6.7	45
tt18290670	2.6	49
tt18291124	8.8	7
tt18291532	7.1	13
tt18292144	6.7	172
tt18293874	9.1	16
tt18294880	4.5	6
tt18295932	5.3	40
tt18296448	8.0	51
tt18302002	6.9	87
tt18304232	7.6	104
tt18305430	6.0	18
tt18305570	8.6	11
tt18311162	8.6	16
tt18311186	7.1	305
tt18311204	9.4	16
tt18312532	5.0	12
tt18317064	6.2	148
tt18328030	8.5	11
tt18332884	6.9	13
tt18334552	8.9	21
tt18334938	5.7	52
tt18335266	6.9	40
tt18335818	6.2	29
tt18337078	4.2	12
tt18339166	10.0	5
tt18339626	7.2	78
tt18341556	7.9	23
tt18344644	9.0	54
tt18344754	4.4	149
tt18345190	5.0	93
tt18346084	9.5	11
tt18346884	6.5	8
tt18347356	6.3	167
tt18350242	6.1	24
tt18351318	8.0	13
tt18351990	6.6	9
tt18352672	5.3	17
tt18357588	7.0	641
tt18358032	3.5	25
tt18358198	8.9	68
tt18358540	8.8	582
tt18361688	8.1	24
tt18361872	5.2	136
tt18362996	5.1	230
tt18363426	7.3	33
tt18372080	10.0	5
tt18372308	6.1	193
tt18374194	5.0	30
tt18375590	9.6	5
tt18377446	5.7	6
tt18377522	4.7	7
tt18377936	6.1	212
tt18378296	6.8	22
tt18380842	8.3	88
tt18382378	8.2	54
tt18394428	4.0	1812
tt18396068	8.2	6
tt18397006	5.3	32
tt18408698	7.4	42
tt18411542	6.9	22
tt18413736	5.6	6
tt18450678	7.3	127
tt18452942	6.9	16
tt18469780	6.7	23
tt18500636	5.1	116
tt18524154	4.9	23
tt18526902	6.3	172
tt18548702	5.0	80
tt18550140	7.0	3691
tt18550182	7.5	408
tt18552648	9.0	6
tt18555320	7.3	4268
tt18556194	5.6	19
tt18556366	8.0	5
tt18556382	3.2	449
tt18559276	6.3	33
tt18561072	7.8	14
tt18561246	9.1	11
tt18561380	1.1	9694
tt18561446	8.3	11
tt18561466	8.1	818
tt18563148	6.2	3491
tt18564292	6.1	109
tt18565080	5.8	6
tt18568902	8.5	9506
tt18570468	4.7	29
tt18603220	6.4	8
tt18646750	9.2	263
tt18671386	5.8	17
tt18671660	5.4	11
tt18673736	7.4	305
tt18687124	6.8	128
tt18687842	7.0	23
tt18687904	7.6	6
tt18689022	6.9	41
tt18689276	6.4	52
tt18693506	8.6	8
tt18748482	6.3	19
tt18748928	7.6	122
tt18749638	7.2	5
tt18749778	7.4	7
tt18749806	7.8	13
tt18750180	6.2	179
tt18750202	6.7	11
tt18750866	5.3	81
tt18764674	7.5	18
tt18766010	6.5	9
tt18766736	9.4	16
tt18767232	6.9	25
tt18776776	8.6	5
tt1877830	7.9	560584
tt18815700	6.5	43
tt18816518	7.6	71
tt18829818	6.3	54
tt18834372	7.6	21
tt18884798	6.4	11
tt18884826	8.2	5
tt18885164	4.0	141
tt18920258	8.2	159
tt18923048	6.2	832
tt18924506	6.2	7422
tt18926886	5.7	549
tt18930366	8.9	15
tt18930516	8.7	14
tt18935954	6.6	103
tt18936156	8.2	13
tt18938056	9.2	14
tt18938910	6.3	61
tt18939192	7.2	21
tt18966752	8.3	10
tt18967390	8.1	99
tt18967596	6.7	7
tt18968540	6.2	7802
tt18970130	9.6	24
tt18970380	4.5	856
tt18971964	8.4	20
tt18972098	8.8	6
tt18974408	4.0	7
tt18986740	9.6	5
tt18989934	9.6	28
tt19034332	6.2	4076
tt19034522	5.7	4227
tt19042712	7.1	8
tt19045536	5.3	31
tt19045582	6.3	65
tt19046606	7.7	7
tt19047742	7.5	8
tt19049412	6.7	17
tt19063418	7.0	38
tt19072146	7.0	24
tt19072268	6.1	66
tt19072380	8.6	8
tt19072948	8.1	9
tt19077862	5.6	50
tt19115292	6.3	7
tt19119646	6.8	7
tt19120698	5.5	6
tt19121370	7.6	6
tt19121506	4.9	71
tt19121576	4.5	68
tt19121744	5.7	239
tt19139066	7.5	85
tt19161980	9.5	366
tt19175658	7.8	8
tt19175754	7.6	49
tt19177446	7.7	9
tt19178136	6.5	7
tt19178662	7.0	7
tt19222062	7.5	98
tt19223328	9.2	6
tt19242256	7.9	35
tt19245482	5.5	82
tt19246412	6.5	11
tt19263772	9.1	18
tt19265480	6.0	707
tt19298716	8.0	7
tt19298844	6.4	6
tt19309954	7.0	46
tt19310070	5.2	6
tt19315924	6.8	4105
tt19328882	5.2	57
tt19352072	7.4	9
tt19352108	6.6	10
tt19352286	5.4	853
tt19355940	8.3	331
tt19356530	4.8	40
tt19357122	7.3	13
tt19358832	8.9	797
tt19359350	8.5	9
tt19360832	7.8	23
tt19363720	9.6	10
tt19363972	9.2	6
tt19365132	5.5	44
tt19365368	9.5	27
tt19365538	7.6	28
tt19366946	8.6	35
tt19367868	8.5	8
tt19369464	6.7	24
tt19369774	8.1	10
tt19369784	8.6	8
tt19371106	8.6	7
tt19374102	6.4	5
tt19374580	6.8	8
tt19379004	8.2	18
tt19381772	6.9	8
tt19382948	9.7	507
tt19382970	7.9	10
tt19383926	8.9	60
tt19387670	7.0	5
tt19387730	7.2	24
tt19389778	6.9	55
tt19389938	8.9	111
tt19390092	6.4	6
tt19392202	8.5	6
tt19393864	5.6	227
tt19393916	8.0	504
tt19394218	1.3	6
tt19397296	6.1	19
tt19397580	7.2	109
tt19401962	9.4	10
tt19403712	5.0	299
tt19404382	3.3	46
tt19405588	7.8	11
tt19407476	9.0	1512
tt19407934	8.1	12
tt19409986	8.2	20
tt19410660	4.8	23
tt19412164	6.1	56
tt19412968	3.0	24
tt19413880	6.5	17
tt19414286	8.0	5
tt19433698	9.0	26
tt19443846	7.0	80
tt19465630	5.3	805
tt19465804	5.8	68
tt19495994	7.9	25
tt19496124	4.3	7
tt19497470	7.9	7
tt19498054	5.6	95
tt19498174	8.9	10
tt19514306	8.9	409
tt19623194	5.6	9
tt19623228	7.3	119
tt19631404	7.3	6
tt19632738	7.3	54
tt19632774	6.5	14
tt19632924	6.4	184
tt19636284	9.0	22
tt19637852	6.5	4177
tt19638316	8.0	1632
tt19638356	6.4	14
tt19638504	8.3	1030
tt19652910	6.7	198
tt19653180	6.7	825
tt19655954	7.6	8
tt19663622	7.8	6
tt19680244	6.6	5
tt19704638	6.5	10311
tt19710898	7.0	29
tt19711858	5.1	21
tt19712468	8.9	14
tt19713090	6.9	200
tt19713112	5.7	8
tt19718210	3.8	358
tt19718808	9.5	13
tt19718904	9.7	7
tt19719836	6.5	44
tt19719862	7.0	42
tt19719864	5.8	32
tt19719904	6.9	90
tt19719940	5.1	62
tt19719976	7.4	88
tt19722066	3.4	53
tt19722750	8.6	8
tt19725896	6.4	17
tt19730338	8.4	1066
tt19731714	6.7	504
tt19732254	7.8	21
tt19733052	4.6	27
tt19747800	7.8	32
tt19753672	7.7	6
tt19753674	7.7	10
tt19754946	5.7	47
tt19756188	9.1	8
tt19757058	8.0	33
tt19757912	7.8	16
tt19758012	5.8	25
tt19760262	8.3	138
tt19763032	7.8	44
tt19766370	5.0	12
tt19766560	2.0	186
tt19767452	8.8	72
tt19767550	10.0	8
tt19767724	8.3	30
tt19768016	6.9	29
tt19768056	6.0	33
tt19768508	6.5	1461
tt19768812	6.6	9
tt19769530	9.6	29
tt19770238	7.8	98
tt19770590	5.2	30
tt19770732	5.4	5
tt19770970	7.1	441
tt19781466	7.3	8
tt19782458	5.8	56
tt19783226	3.5	28
tt19783330	3.6	9
tt19783474	8.2	6
tt19783626	3.0	194
tt19783948	7.1	19
tt19784004	8.5	98
tt19784368	7.0	7
tt19784370	8.4	2172
tt19784728	6.8	20
tt19785144	3.3	7
tt19785426	6.6	29
tt19785552	6.2	15
tt19796888	6.8	6
tt19796904	7.7	19
tt19797072	7.5	18
tt19797200	5.5	22
tt19797494	5.4	8
tt19798520	7.9	19
tt19799058	9.2	627
tt19799096	9.0	7
tt19799186	8.1	30
tt19799286	9.2	6
tt19799504	5.3	37
tt19799764	8.4	410
tt19800020	8.7	37
tt19800090	7.7	10
tt19800112	6.9	113
tt19800126	8.5	8
tt19801212	7.6	39
tt19811086	8.3	6
tt19811200	4.5	32
tt19811466	4.4	18
tt19811786	6.3	472
tt19812266	6.9	390
tt19812358	8.3	7
tt19812670	6.6	15
tt19812894	3.0	90
tt19815474	7.2	8
tt19815990	7.0	17
tt19817038	8.4	15
tt19817638	6.7	7
tt19818558	5.3	12
tt19838584	4.5	39
tt19841734	7.0	52
tt19844412	7.5	13
tt19845504	9.3	1332
tt19846260	4.7	16
tt19847338	7.8	7
tt19849214	5.7	43
tt19849494	7.8	19
tt19849514	6.9	44
tt19849810	6.7	6
tt19849852	7.8	5
tt19849896	8.0	9
tt19851048	3.3	12
tt19853002	7.6	11
tt19857396	7.9	7
tt19858606	6.1	7
tt19859458	5.3	181
tt19860942	7.1	25
tt19863180	8.2	46
tt19864186	5.1	8
tt19865040	5.4	217
tt19866256	9.4	5
tt19867058	5.3	270
tt19868214	4.0	113
tt19869374	5.6	337
tt19870904	5.9	79
tt19871656	5.2	23
tt19872496	7.0	5
tt19873130	6.9	14
tt19874876	6.9	9
tt19878422	6.0	26
tt19879236	7.6	10
tt19879640	7.0	79
tt19879660	8.4	1297
tt19880966	8.2	6
tt19882472	4.6	180
tt19885072	8.5	26
tt19885078	5.8	12
tt19885446	7.3	6
tt19885624	6.0	9
tt19888200	9.5	11
tt19889330	7.0	6
tt19892832	4.4	26
tt19893758	8.6	121
tt19895232	3.5	287
tt19924588	8.6	5
tt19937042	7.5	12
tt20039176	4.7	31
tt20101540	8.1	54
tt20101630	8.8	11
tt20115138	7.0	146
tt20115184	8.9	20
tt20116602	7.8	5
tt20117432	9.0	7
tt20123174	7.3	159
tt20124778	5.8	216
tt20168564	6.8	171
tt20191212	7.2	128
tt20192230	6.0	754
tt20195786	6.4	5
tt20197802	6.8	5
tt20198256	5.9	76
tt20198940	8.9	13
tt20199286	7.8	15
tt20200768	5.4	28
tt20202992	8.9	13
tt20204672	5.7	146
tt20205094	8.1	22
tt20212630	4.5	25
tt20216382	7.8	145
tt20216586	4.1	85
tt20217794	7.0	21
tt20217898	4.8	23
tt20218402	8.2	8
tt20220796	9.0	46
tt20221546	7.5	24
tt20222582	6.2	5
tt20222606	8.6	5
tt20223526	8.0	1960
tt20224106	9.5	8
tt20224208	9.2	39
tt20224768	7.6	5
tt20225374	7.4	75
tt20226766	6.8	5
tt20228136	6.6	8
tt20228436	8.3	2089
tt20229392	6.3	38
tt20230982	7.5	128
tt20231494	9.2	21
tt20238316	7.7	49
tt20240740	9.7	87
tt20241416	6.8	19
tt20241432	8.0	5
tt20243976	9.5	15
tt20244978	8.6	23
tt20251428	9.6	8
tt20251716	7.8	639
tt20252438	6.3	123
tt20252708	8.7	8
tt20256528	8.6	20479
tt20308842	6.6	19
tt20310970	8.7	28
tt20317026	6.9	14
tt20319324	9.2	7
tt20324566	8.4	114
tt20356188	8.3	7
tt20383014	3.7	27
tt20414862	10.0	5
tt20415048	9.0	65
tt20417056	9.1	10
tt20417316	7.0	5
tt20417334	6.9	109
tt20417536	5.0	16
tt20420316	7.5	1880
tt20420416	9.3	16
tt20420612	8.5	6
tt20421014	9.0	359
tt20421722	7.0	253
tt20426812	7.0	11
tt20429562	7.7	12
tt20446500	7.2	10
tt20447720	5.4	5
tt20466784	9.4	5
tt20501878	6.6	7
tt20516478	7.0	37
tt20516932	9.4	8
tt20517566	4.2	6
tt20563670	6.1	49
tt20597270	4.6	60
tt20597344	6.2	43
tt20597408	4.9	502
tt20602318	8.0	11
tt20603326	6.5	72
tt20604466	3.8	146
tt20672490	5.0	618
tt20673642	6.4	51
tt20673790	7.0	42
tt20723644	5.9	630
tt20723730	3.9	633
tt20723738	5.5	302
tt20723742	5.2	421
tt20723748	4.7	639
tt20724692	8.2	7
tt20724796	8.1	1022
tt20726444	1.7	169
tt20733780	5.2	19
tt20752126	5.8	24
tt20752590	5.3	35
tt20753410	5.4	25
tt20764640	8.6	11
tt20766074	5.2	23
tt20771626	5.2	7
tt20781110	4.9	7
tt20782088	6.6	6
tt20788760	4.8	605
tt20807330	8.6	85
tt20834108	8.7	7
tt20836390	5.9	22
tt20840000	7.9	2877
tt20846404	7.6	37
tt20846944	7.0	41
tt20851874	7.7	322
tt20852754	9.5	11
tt20855236	8.2	64
tt20855732	9.0	2043
tt20860322	2.8	8
tt20865464	9.3	14
tt20869764	7.2	46
tt20871736	7.4	11
tt20873160	8.9	11
tt20877264	8.1	15
tt20881184	9.2	7
tt20912228	9.6	31
tt20912248	2.9	181
tt20918806	7.1	22
tt20989130	9.6	26
tt21026586	7.9	1860
tt21027784	6.3	7
tt21028848	4.5	513
tt21030216	3.4	129
tt21030232	3.9	230
tt21030728	8.4	12
tt21031650	6.4	148
tt21033870	6.1	8
tt21041972	7.4	956
tt21042660	7.1	8
tt21042882	6.7	13
tt21044524	3.8	219
tt21047686	8.7	34
tt21048424	9.5	22
tt21048590	4.0	176
tt21048836	9.1	15
tt21048872	7.3	69
tt21049266	6.9	1027
tt21050346	4.4	5
tt21051458	9.1	1836
tt21052610	9.6	29
tt21053422	8.4	13
tt21053530	2.3	146
tt21054290	4.6	5
tt21058286	5.2	20
tt21059328	9.5	27
tt21059378	4.1	49
tt21059394	6.3	819
tt21059520	7.2	12496
tt21062574	9.3	41
tt21062814	8.7	10
tt21064272	6.0	922
tt21065316	5.5	33
tt21065336	9.6	20
tt21073770	8.0	18
tt21078540	7.0	6
tt21078728	5.9	53
tt21083296	9.4	14
tt21085046	7.5	21
tt21091528	9.9	27
tt21093464	7.5	8
tt21093696	7.6	8
tt21093922	7.6	12
tt21093976	9.4	352
tt21094328	9.7	66
tt21097730	9.4	29
tt21097982	6.3	15
tt21100400	7.8	5
tt21100454	2.5	32
tt21101694	9.8	40
tt21108248	9.4	28
tt21109538	7.8	99
tt21111272	10.0	11
tt21111594	9.1	14
tt21113810	7.0	48
tt21114222	10.0	28
tt21115330	9.5	29
tt21116442	7.3	25
tt21116728	8.8	37
tt21116930	3.3	6
tt21138358	6.7	29
tt21139706	9.5	30
tt21139960	7.4	14
tt21140954	9.4	25
tt21141802	4.4	5
tt21144420	3.8	16
tt21145414	5.7	40
tt21146674	6.5	73
tt21147056	8.2	12
tt21148942	6.7	22
tt21149558	7.5	78
tt21150244	5.7	7
tt21153268	8.8	63
tt21155260	6.7	6
tt21157874	8.6	8
tt21158494	8.2	22
tt21158522	7.2	41
tt21160112	4.0	7
tt21160260	8.0	5
tt21160868	9.1	860
tt21187588	8.8	5
tt21188978	5.1	80
tt21189116	7.6	7
tt21190316	9.4	24
tt21192652	10.0	5
tt21194300	9.5	10
tt21195548	5.8	331
tt21198540	10.0	64
tt21198718	6.3	38
tt21198812	8.9	7
tt21200776	9.2	9
tt21206496	4.7	10
tt21209308	7.1	162
tt21211218	7.4	9
tt21211624	9.2	47
tt21211650	6.8	12
tt21214842	2.1	62
tt21217196	5.3	12
tt21220538	7.4	5
tt21221998	7.1	31
tt21223140	9.4	1523
tt21223366	6.8	20
tt21226774	5.1	100
tt21229840	7.9	9
tt21235444	3.6	20
tt21237108	9.0	1515
tt21237290	9.4	309
tt21238042	6.0	8
tt21238164	5.6	39
tt21243636	4.8	100
tt21248014	6.6	11
tt21257770	8.7	47
tt21259782	10.0	6
tt21261256	10.0	13
tt21261388	8.5	613
tt21263822	8.2	21
tt21265452	7.8	191
tt21265550	5.1	101
tt21272402	7.3	291
tt21277532	7.2	19
tt21281462	7.6	746
tt21287998	8.7	35
tt21291982	9.4	14
tt21293272	7.8	100
tt21293676	8.8	19
tt21296802	5.7	12
tt21296906	9.5	3177
tt21299884	7.6	5
tt21301548	7.0	11
tt21309170	9.3	736
tt21326692	9.6	22
tt21330438	9.0	9
tt21332486	7.0	498
tt21338440	9.2	65
tt21340594	9.9	25
tt21344234	9.4	22
tt21345566	8.0	100
tt21345936	9.3	56
tt21346758	7.0	69
tt21347592	2.1	17
tt21352482	4.3	56
tt21362640	8.0	17
tt21372970	6.4	5
tt21378096	7.6	5
tt21379370	6.8	1829
tt21404042	3.8	22
tt21418264	7.4	8
tt21422800	6.2	5
tt21434430	8.4	451
tt2180339	5.4	41057
tt2184390	4.2	651
tt2201261	5.6	1149
tt2218324	3.8	136
tt2229103	4.5	211
tt2241481	7.8	8
tt2248980	8.1	17
tt2328678	5.1	3683
tt2338088	4.1	161
tt2357423	3.5	269
tt2463208	6.7	185899
tt2505304	4.5	367
tt2551628	8.8	16
tt2574538	4.1	246
tt2580920	6.5	47
tt2587214	8.2	10
tt2597804	6.6	1872
tt2634732	8.4	57
tt2766800	7.7	25
tt2767880	5.8	66
tt2823386	8.9	26
tt2949508	2.5	178
tt2980152	3.7	622
tt2992252	5.2	87
tt3136634	7.9	16
tt3210678	4.3	25
tt3310752	3.1	162
tt3406690	8.1	10
tt3412884	3.4	260
tt3417110	4.4	196
tt3513500	7.0	34895
tt3516462	5.9	57
tt3580748	6.1	251
tt3640382	8.5	12
tt3642628	6.7	28
tt3704428	7.8	55865
tt3706352	6.1	19808
tt3726682	8.8	8
tt3804376	4.1	59
tt3883192	6.0	8
tt3997026	8.7	33
tt4029412	3.4	2032
tt4081630	6.7	10998
tt4109756	3.5	215
tt4121086	3.7	149
tt4123432	6.2	119255
tt4181158	4.9	2119
tt4418730	4.2	43
tt4428398	5.6	1847
tt4447048	9.2	8
tt4459134	5.4	297
tt4471908	5.4	798
tt4546156	7.9	11
tt4586828	6.8	57
tt4604996	4.6	8
tt4614584	7.0	9794
tt4624366	4.6	1623
tt4664346	5.4	202
tt4826742	8.2	16
tt4897296	8.1	42
tt4946776	4.4	32
tt4960748	6.9	24
tt4998632	6.1	56152
tt5108870	5.2	96955
tt5113044	6.8	31507
tt5151570	7.3	1645
tt5250516	6.9	8
tt5301942	7.3	11122
tt5315212	5.5	34907
tt5322004	6.7	1289
tt5343008	5.6	396
tt5656994	3.3	2602
tt5779312	7.0	6
tt5787290	4.9	122
tt5790684	7.3	218
tt5808712	5.0	25
tt5809726	4.4	86
tt5834426	5.2	59265
tt5911600	7.6	40
tt5916874	8.4	5
tt6020800	5.4	8001
tt6179704	7.1	29
tt6209774	7.4	9
tt6255042	5.2	42
tt6265050	7.8	4560
tt6275154	6.9	1888
tt6317762	8.0	10
tt6373600	6.7	34
tt6378536	6.4	53
tt6411434	3.7	8
tt6425830	2.6	117
tt6435146	2.3	146
tt6435164	7.7	32
tt6442686	4.3	1239
tt6455162	5.8	28527
tt6462958	6.6	17037
tt6504844	8.2	68
tt6643984	9.0	11
tt6705162	4.3	5612
tt6708668	5.6	19380
tt6710474	8.2	167537
tt6710876	8.6	13
tt6765628	9.0	12
tt6805938	5.1	2612
tt6821198	3.3	350
tt6826120	7.9	52
tt6931658	7.4	71
tt6979426	4.9	82
tt7023644	6.4	441
tt7033820	3.3	172
tt7034992	7.0	29
tt7042798	2.4	427
tt7079272	5.5	31
tt7091468	7.5	8
tt7093384	9.2	25
tt7153198	6.0	7
tt7155286	8.4	198
tt7175968	7.1	7
tt7192180	2.4	88
tt7196230	7.1	9
tt7203574	4.0	96
tt7232872	6.7	8
tt7267498	3.2	527
tt7278006	2.7	258
tt7298782	7.6	14
tt7311164	5.7	2919
tt7317866	8.1	27
tt7319486	3.9	735
tt7322224	7.7	552
tt7381620	9.5	13
tt7428374	3.3	194
tt7430998	8.6	10
tt7461272	6.6	270
tt7466442	7.0	12942
tt7466810	9.1	15759
tt7466970	7.9	15
tt7469828	5.4	901
tt7470986	9.0	16
tt7520568	5.4	1594
tt7520640	9.4	210
tt7521452	7.6	12
tt7529298	6.9	14044
tt7550014	6.1	21319
tt7556244	8.8	16
tt7558982	2.7	282
tt7564016	9.9	1626
tt7587206	2.8	187
tt7618636	8.0	7
tt7657566	6.3	130728
tt7661648	3.5	170
tt7674006	4.3	11
tt7681514	6.2	21
tt7684904	7.8	6
tt7730376	5.4	7
tt7737704	9.2	14
tt7749282	6.5	9
tt7758954	2.4	167
tt7813294	4.7	2457
tt7822416	7.1	34
tt7875666	6.9	15
tt7909204	2.6	384
tt7922238	7.7	11
tt7947604	7.8	1804
tt7978758	7.3	7050
tt7985704	7.0	391
tt7986162	4.8	18
tt7990108	3.8	114
tt8005600	8.6	24
tt8009428	7.3	95918
tt8028222	6.8	65
tt8032932	6.2	53
tt8041270	5.7	107072
tt8042330	6.6	392
tt8046784	5.4	35
tt8083792	8.2	7
tt8097030	7.0	108773
tt8106530	4.8	21
tt8110652	5.3	435
tt8115900	6.8	29556
tt8129806	8.3	41
tt8130518	4.7	4207
tt8146442	10.0	6
tt8174412	6.8	41
tt8176124	7.7	219
tt8178634	8.0	90486
tt8186008	7.1	7
tt8196168	7.5	22
tt8246646	6.1	46
tt8282400	8.7	60
tt8296030	6.4	4427
tt8302918	5.6	2992
tt8323668	6.9	8428
tt8332658	8.9	7
tt8347960	3.8	691
tt8354218	6.1	1593
tt8356942	5.4	25931
tt8378322	8.4	179
tt8426926	7.3	48595
tt8454312	3.4	40
tt8459190	8.0	24
tt8494270	3.2	81
tt8499814	7.3	7
tt8595016	7.4	136
tt8608822	5.5	9
tt8633464	6.7	10108
tt8646748	9.2	69
tt8713580	8.8	25
tt8746404	3.7	3439
tt8747492	8.0	25
tt8777210	9.2	9
tt8814500	4.7	2438
tt8822586	8.8	9
tt8841562	6.8	24
tt8850576	5.8	65
tt8851148	5.9	7111
tt8859236	4.3	267
tt8862774	6.6	85
tt8876132	8.7	7
tt8907052	5.2	71
tt8907974	5.2	4361
tt8912936	7.8	14861
tt8919364	4.1	521
tt8923444	5.5	27
tt8923480	6.8	11
tt8927992	8.3	13
tt8933310	3.9	165
tt8937274	8.2	18
tt8946942	5.3	520
tt8956284	7.1	268
tt8960382	5.3	28817
tt8980468	7.6	1081
tt8983156	8.9	99
tt8983228	7.4	24039
tt8986874	1.6	208
tt9005184	5.8	6346
tt9014488	5.7	91
tt9015168	6.8	787
tt9015798	8.1	11
tt9024936	3.2	22
tt9029366	7.9	7
tt9050310	5.3	341
tt9051908	7.8	101
tt9070824	4.2	853
tt9075388	3.6	207
tt9098938	7.7	9938
tt9115574	2.4	990
tt9135342	6.9	9
tt9145510	6.9	18
tt9148440	7.3	15
tt9169280	1.4	256
tt9172960	7.9	33
tt9179430	8.5	40558
tt9183978	4.7	1219
tt9193690	4.9	83
tt9198364	5.9	503
tt9198898	8.2	13
tt9244724	6.7	30
tt9253740	8.4	11
tt9263550	9.1	25574
tt9275006	1.5	883
tt9280556	9.0	61
tt9288046	7.1	25349
tt9314340	7.0	31
tt9317274	7.0	29
tt9319826	8.0	5646
tt9322476	5.5	11
tt9339850	7.8	44
tt9378416	9.3	899
tt9378692	9.4	84
tt9404596	5.4	8
tt9411972	7.1	8545
tt9419884	7.0	339135
tt9454554	6.2	34
tt9455468	7.7	57
tt9471786	6.7	32
tt9569484	6.6	141
tt9602472	6.8	111
tt9629114	7.2	47
tt9637132	6.8	51202
tt9660502	7.3	273
tt9692040	5.7	83
tt9707456	3.7	265
tt9731386	6.5	681
tt9764028	9.2	17
tt9768764	3.5	213
tt9779978	8.4	25
tt9783600	5.4	46159
tt9809006	5.3	98
tt9811300	5.7	57
tt9848626	6.0	28705
tt9851854	8.3	19141
tt9854058	7.0	328
tt9883832	8.2	88
tt9891830	6.8	7
tt9893158	5.3	63
tt9904648	3.7	21
